position,metric
0,0.705926481620405
4,0.6557438794726931
9,0.5939736346516008
14,0.6546139359698682
19,0.6757062146892655
