position,metric,lower_bound,upper_bound
0,0.705926481620405,0.6882970742685671,0.7230026256564142
4,0.6557438794726931,0.6380414312617703,0.6730696798493409
9,0.5939736346516008,0.5755178907721281,0.6124293785310735
14,0.6546139359698682,0.6365348399246704,0.6730696798493409
19,0.6757062146892655,0.6578060263653484,0.6926553672316385
