position,metric
0,0.6045197740112994
4,0.7160075329566855
9,0.6335216572504708
14,0.5826741996233522
19,0.6531073446327683
