position,metric,lower_bound,upper_bound
0,0.6045197740112994,0.5860640301318267,0.6224199623352166
4,0.7160075329566855,0.6981073446327684,0.7329566854990583
9,0.6335216572504708,0.6150659133709981,0.6517984934086629
14,0.5826741996233522,0.5645951035781545,0.6013276836158192
19,0.6531073446327683,0.6350282485875707,0.6710075329566855
