position,metric
0,0.7951035781544256
4,0.71939736346516
9,0.6886285993167399
14,0.7020715630885123
19,0.647834274952919
