position,metric,lower_bound,upper_bound
0,0.7951035781544256,0.7796610169491526,0.8101694915254237
4,0.71939736346516,0.7028248587570621,0.7367231638418079
9,0.6886285993167399,0.6671547096144461,0.7081503172279161
14,0.7020715630885123,0.6847457627118644,0.7190207156308851
19,0.647834274952919,0.6303107344632768,0.6661111111111111
