position,metric
0,0.639766081871345
4,0.4930320150659134
9,0.4817325800376648
14,0.5171374764595104
19,0.5706214689265536
