position,metric,lower_bound,upper_bound
0,0.639766081871345,0.6169590643274854,0.6625730994152047
4,0.4930320150659134,0.4749529190207156,0.5120621468926554
9,0.4817325800376648,0.4621468926553672,0.5009416195856874
14,0.5171374764595104,0.4979284369114877,0.5352165725047081
19,0.5706214689265536,0.5525423728813559,0.5898305084745763
