position,metric,lower_bound,upper_bound
0,0.7386064030131827,0.7209039548022599,0.7551789077212806
4,0.6519774011299435,0.6335216572504708,0.6700564971751413
9,0.6218455743879473,0.6033898305084746,0.6408757062146893
14,0.5766478342749529,0.5574387947269304,0.5951035781544256
19,0.6143126177024482,0.5960357815442561,0.632015065913371
