position,metric
0,0.7386064030131827
4,0.6519774011299435
9,0.6218455743879473
14,0.5766478342749529
19,0.6143126177024482
