position,metric
0,0.8131826741996233
4,0.7114877589453861
9,0.6790960451977401
14,0.7024482109227872
19,0.6685499058380414
