position,metric,lower_bound,upper_bound
0,0.8231292517006803,0.7868480725623582,0.8571428571428571
4,0.7114877589453861,0.6937853107344633,0.7284369114877589
9,0.6790960451977401,0.6617702448210923,0.696798493408663
14,0.7024482109227872,0.6843691148775894,0.71939736346516
19,0.6685499058380414,0.6508474576271186,0.6862523540489642
