position,metric
0,0.8463276836158192
4,0.7295668549905838
9,0.6685499058380414
14,0.5303201506591337
19,0.6941619585687382
