position,metric,lower_bound,upper_bound
0,0.8463276836158192,0.832391713747646,0.8595103578154426
4,0.7295668549905838,0.7126177024482109,0.7468926553672316
9,0.6685499058380414,0.6504708097928437,0.6866290018832392
14,0.5303201506591337,0.5111111111111111,0.5487758945386064
19,0.6941619585687382,0.677015065913371,0.7111111111111111
