position,metric
0,0.6824858757062147
4,0.5491525423728814
9,0.5608286252354049
14,0.6011299435028249
19,0.6851224105461393
