position,metric,lower_bound,upper_bound
0,0.6824858757062147,0.6649623352165726,0.7009416195856873
4,0.5491525423728814,0.5299435028248588,0.567984934086629
9,0.5608286252354049,0.5425517890772128,0.5789077212806026
14,0.6011299435028249,0.5826741996233522,0.6188323917137476
19,0.6851224105461393,0.6677966101694915,0.7020715630885123
