position,metric
0,0.6022598870056497
4,0.5227871939736346
9,0.4286252354048964
14,0.4335216572504708
