position,metric,lower_bound,upper_bound
0,0.6022598870056497,0.5845574387947269,0.6203389830508474
4,0.5227871939736346,0.5033804143126177,0.5419962335216573
9,0.4286252354048964,0.4095951035781544,0.4467043314500941
14,0.4335216572504708,0.4139359698681732,0.4521751412429379
19,0.5227871939736346,0.5032015065913371,0.5412429378531074
